ID,Тип,Артикул,Имя,Опубликован,рекомендуемый?,"Видимость в каталоге","Короткое описание",Описание,"Дата начала действия продажной цены","Дата окончания действия продажной цены","Статус налога","Налоговый класс","В наличии?",Запасы,"Малое количество на складе","Задержанный заказ возможен?","Продано индивидуально?","Вес (kg)","Длина (cm)","Ширина (cm)","Высота (cm)","Разрешить отзывы от клиентов?","Примечание к покупке","Цена распродажи","Базовая цена",Категории,Метки,"Класс доставки",Изображения,"Лимит загрузок","Число дней до просроченной загрузки",Родительский,"Сгруппированные товары",Апсейл,Кросселы,"Внешний URL","Текст кнопки",Позиция,"Мета: _wfg_single_gift_enabled","Мета: _wfg_single_gift_allowed","Мета: _yst_prominent_words_version","Мета: _yoast_wpseo_primary_product_cat","Мета: _yoast_wpseo_content_score","Мета: _yoast_wpseo_focuskeywords","Мета: _yoast_wpseo_keywordsynonyms","Мета: _wfg_gift_product","Мета: _download_type","Мета: cbc-bgposition"
81,simple,,"Ролл Фурия",1,0,visible,"Рис, нори, стружка тунца, лосось, помидор, спайс-соус, авокадо",,,,taxable,,1,,,0,0,,,,,0,,,102,Роллы,,,http://ba.zp.ua/wp-content/uploads/2019/04/0-02-05-d7c87184a792debdc8bfed29e3a2b8168542d68eb397bcc64cbbde91d9ab8268_84f1eb05-—-копия.jpg,,,,,,,,,0,1,0,1,,30,[],"[""""]",,,
144,variation,,"Ролл Фурия",1,0,visible,,,,,taxable,parent,1,,,0,0,,,,,0,,,0,,,,,,,id:81,,,,,,0,,,,,,,,1,,
145,variation,,"Ролл Фурия",1,0,visible,,,,,taxable,parent,1,,,0,0,,,,,0,,,0,,,,,,,id:81,,,,,,0,,,,,,,,1,,
146,variation,,"Ролл Фурия",1,0,visible,,,,,taxable,parent,1,,,0,0,,,,,0,,,0,,,,,,,id:81,,,,,,0,,,,,,,,1,,
148,variation,,"Ролл Фурия",1,0,visible,,,,,taxable,parent,1,,,0,0,,,,,0,,,0,,,,,,,id:81,,,,,,0,,,,,,,,1,,
149,variation,,"Ролл Фурия",1,0,visible,,,,,taxable,parent,1,,,0,0,,,,,0,,,0,,,,,,,id:81,,,,,,0,,,,,,,,1,,
334,simple,,"Ролл Black",'-1,0,visible,,"<img class=""size-medium wp-image-335"" src=""http://ba.zp.ua/wp-content/uploads/2019/04/блек-300x216.jpg"" alt="""" width=""300"" height=""216"" />\n\n[caption id=""attachment_335"" align=""alignnone"" width=""300""]<img class=""size-medium wp-image-335"" src=""http://ba.zp.ua/wp-content/uploads/2019/04/блек-300x216.jpg"" alt="""" width=""300"" height=""216"" /> 250г[/caption]",,,taxable,,1,,,0,0,,,,,1,,,115,"Роллы, Суши",,,,,,,,,,,,0,,1,,,,,,,,
337,simple,"Ролл Black","Ролл Black",1,0,visible,"Рис, нори, окунь, икра тобика, кунжут, огурец, крем-сыр. Вес 250 г","[caption 250г<!--more-->\n\n[/caption]",,,taxable,,1,,,0,0,,,,,0,,,80,Роллы,ролл,,"http://ba.zp.ua/wp-content/uploads/2019/04/блек.jpg, http://ba.zp.ua/wp-content/uploads/2019/04/блек.jpg",,,,,,,,,0,,1,1,,30,[],"[""""]",,,Ролл
338,simple,,"Ролл Отару",1,0,visible,"Рис, нори, лосось, огурец, спайс-соус, кунжут, спайс соус, соус чили. Вес 215 г",,,,taxable,,1,,,0,0,,,,,0,,,73,Роллы,,,http://ba.zp.ua/wp-content/uploads/2019/04/0-02-05-b9d89441112e25d14804c6346cefcd1ab9ca4ca02244556b932fb41e8dc2ecdf_32757733.jpg,,,,,,,,,0,,1,1,,30,[],"[""""]",,,
343,simple,,"Ролл ""Зеленый самурай""",1,0,visible,"Рис, нори, крем сыр, огурец, лосось, икра тобика зеленая). Вес 260 г",,,,taxable,,1,,,0,0,,,,,0,,,90,Роллы,,,http://ba.zp.ua/wp-content/uploads/2019/04/0-02-05-0d493d0b6083e30cc707318d31af9cf52b97b27878957ccdd6e80ad21e28180d_a436e3da.jpg,,,,,,,,,0,,1,1,,30,[],"[""""]",,,
345,simple,,"Ролл ""Красный дракон""",1,0,visible,"Рис, нори, лослсь, крем сыр, авокадо, креветка, икра тобика. Вес 275 г.",,,,taxable,,1,,,0,0,,,,,1,,,140,Роллы,,,http://ba.zp.ua/wp-content/uploads/2019/04/0-02-04-89d1b6389cf70803de3a0aec527f425aa7f08216c9596d871fff72cf654373f7_8cda3f0b.jpg,,,,,,,,,0,,1,,,,,,,,
347,simple,,"Ролл ""Тори""",1,0,visible,"Рим, нори, курица копченная, крем-сыр, огурец, кунжут, японский майонез. Вес 245 г.",,,,taxable,,1,,,0,0,,,,,0,,,88,Роллы,,,http://ba.zp.ua/wp-content/uploads/2019/04/0-02-04-b5c8ccf8c76a89e052145d5e47a4b7206910d54f52b0fb0fc2caf1151c91f2f9_a5bb47a-—-копия.jpg,,,,,,,,,0,,1,1,,,,,,,
363,simple,,"Ролл ""Филадельфия- Шеф""",1,0,visible,"Рис, нори, лосось, авокадо, икра тобика, сыр филадельфия. Вес 270 г.",,,,taxable,,1,,,0,0,,,,,0,,98,128,Роллы,,,http://ba.zp.ua/wp-content/uploads/2019/04/0-02-05-3da94f7553d8e19a719681a59d5433c573d4eed88fc3200cccb6bd51d6b2db41_a762e887-—-копия.jpg,,,,,,,,,0,,1,1,,30,[],"[""""]",,,
364,simple,,"Ролл ""Туно""",1,0,visible,"Рис, нори, тунец, крем-сыр, огурец. Вес 250г.",,,,taxable,,1,,,0,0,,,,,0,,88,125,Роллы,,,http://ba.zp.ua/wp-content/uploads/2019/04/0-02-05-845bd9551d21bea2cfd5072122bc2af9aa946e40a8ffaa3a1276b4c5db08ec89_f93e45bb-—-копия.jpg,,,,,,,,,0,,1,1,,30,[],"[""""]",,,
365,simple,,"Ролл ""Спайси""",1,0,visible,"Рис, нори, креветка, огурец, кунжут, спайс-соус. Вес 250 г.",,,,taxable,,1,,,0,0,,,,,0,,,94,Роллы,,,http://ba.zp.ua/wp-content/uploads/2019/04/0-02-04-e7e62ece01ca2bbc8ceb4cc7ae6cdca024436f17807d16c90e8e8c1998607a07_fb02e676-—-копия.jpg,,,,,,,,,0,,1,1,,30,[],"[""""]",,,
366,simple,,"Ролл ""Де-Люкс""",'-1,0,visible,"Рис, нори, авокадо, креветка, икра тобика, унаги-соус. Вес 215 г.",,,,taxable,,1,,,0,0,,,,,1,,,104,Роллы,,,http://ba.zp.ua/wp-content/uploads/2019/04/0-02-05-80c839c5e7d4c231fe3399391cf8ebded06b110b86ac645a250f1b14ba288263_7bbff534-—-копия.jpg,,,,,,,,,0,,1,,,,,,,,
368,simple,,"Ролл ""Кунсей""",1,0,visible,"Рис, нори, авокадо, крем-сыр, помидор, грибы шитаке. Вес 250г.",,,,taxable,,1,,,0,0,,,,,1,,,94,Роллы,,,http://ba.zp.ua/wp-content/uploads/2019/04/0-02-05-4cbc9ea43821eda9740abbcd1dc4d72a583f936e576954722dbbdc505d7a8a27_772e4ee6-—-копия.jpg,,,,,,,,,0,,1,,,,,,,,
369,simple,,"Ролл ""Чикаго""",1,0,visible,"Рис, нори, огурец, авокадо, снежный краб, икра тобика. Вес 245 г.",,,,taxable,,1,,,0,0,,,,,0,,,73,Роллы,,,http://ba.zp.ua/wp-content/uploads/2019/04/0-02-05-b6deda67607749ca7e07a9d2c99252305d64092d05d7df3763f4527838cb3422_71c0f852.jpg,,,,,,,,,0,,1,1,,30,[],"[""""]",,,
370,simple,,"Ролл ""Горячий Чиз""",1,0,visible,"Рис, нори, твердый сыр, снежный краб, помидор, соус спайс, темпура. Вес 210 г.",,,,taxable,,1,,,0,0,,,,,1,,,95,Роллы,,,http://ba.zp.ua/wp-content/uploads/2019/04/0-02-05-ac69121afc9ca5094700e6b9dbddf878c32d36f6adbf661ed36d5bdf4b9b7a72_36426744-—-копия.jpg,,,,,,,,,0,,1,1,,,,,,,
371,simple,,"Ролл ""Чили Шри""",1,0,visible,"Рис, нори, креветка, угорь, темпура. Вес 225 г.",,,,taxable,,1,,,0,0,,,,,0,,,105,Роллы,,,http://ba.zp.ua/wp-content/uploads/2019/04/0-02-05-f01994de0d2b6abcf7e14f049f82a37c4696df8b5cc5b413465e87bd9e6b25f8_9a9e7248.jpg,,,,,,,,,0,,1,1,,30,[],"[""""]",,,
372,simple,,"Ролл ""Горячий Банзай""",1,0,visible,"Рис, нори, угорь, лосось, авокадо, крем-сыр, икра тобика, темпура. Вес 200г.",,,,taxable,,1,,,0,0,,,,,0,,,105,Роллы,,,http://ba.zp.ua/wp-content/uploads/2019/04/0-02-05-ee2497a60fc82e867521343c0188043775ae438fb9f31b3af3641bcc40c5808f_20ae5e17.jpg,,,,,,,,,0,,1,1,,30,[],"[""""]",,,
374,simple,,"Ролл ""Окунь""",1,0,visible,"Рис, нори, крем-сыр, окунь, огурец, гриб шитаке. Вес 245г.",,,,taxable,,1,,,0,0,,,,,0,,,83,Роллы,,,http://ba.zp.ua/wp-content/uploads/2019/04/0-02-05-5665fc70d9fcdf3b7cedf264fd608af9f0e1aa8ec4b135714720dbda7ee03cd1_8856f0dd-—-копия.jpg,,,,,,,,,0,,1,1,,30,[],"[""""]",,,
376,simple,,"Маки ""Лосось""",1,0,visible,"Рис, нори, лосось. Вес 110 г.",,,,taxable,,1,,,0,0,,,,,1,,,55,Роллы,,,http://ba.zp.ua/wp-content/uploads/2019/04/0-02-05-503d1c270a72d3cde89c7630407ce1655f8591bcbfc085921deeaf8c096744fe_32bd1950.jpg,,,,,,,,,0,,1,,,,,,,,
383,simple,,"Маки ""Креветка""",1,0,visible,"Рис, нори, креветка. Вес 110 г.",,,,taxable,,1,,,0,0,,,,,1,,,45,Роллы,,,http://ba.zp.ua/wp-content/uploads/2019/04/0-02-05-0b84d38e3c99ce0347bfd1e65f773d52f7a6d804908db27ba057d77f203873d0_7d3f88ee.jpg,,,,,,,,,0,,1,,,,,,,,
385,simple,,"Маки ""Авокадо""",1,0,visible,"Рис, нори, авокадо. Вес 110 г.",,,,taxable,,1,,,0,0,,,,,1,,,36,Роллы,,,http://ba.zp.ua/wp-content/uploads/2019/04/0-02-05-d838cc4aa5d64fed980a89830d5d3ffba2c10ff2cf29fd4b6d9462c0e1a6c608_91652a5b.jpg,,,,,,,,,0,,1,,,,,,,,
387,simple,,"Маки ""Угорь""",1,0,visible,"Рис, нори, угорь. Вес 110 г.",,,,taxable,,1,,,0,0,,,,,1,,,70,Роллы,,,http://ba.zp.ua/wp-content/uploads/2019/04/0-02-05-a6ca67b3a6eef109f4e0f570097aab34775cddb0ce2e7887a8062dbf375210cb_df1f0271.jpg,,,,,,,,,0,,1,,,,,,,,
388,simple,,"Маки ""Окунь""",1,0,visible,"Рис, нори, окунь. Рис 110 г.",,,,taxable,,1,,,0,0,,,,,1,,,48,Роллы,,,http://ba.zp.ua/wp-content/uploads/2019/04/0-02-05-f6b52e224554dc24812340ff17582d3fa5d591cff3bf962ed4f68d12ef4c3e00_d4508099.jpg,,,,,,,,,0,,1,,,,,,,,
389,simple,,"Маки ""Огурец""",1,0,visible,"Рис, нори, огурец, кунжут. Вес 110 г.",,,,taxable,,1,,,0,0,,,,,1,,,35,Роллы,,,http://ba.zp.ua/wp-content/uploads/2019/04/0-02-05-08403feab425041ffe723a25de2f8bf899dec478de0085f3ffa309c21336f7e3_556a6020.jpg,,,,,,,,,0,,1,,,,,,,,
390,simple,,"Маки ""Тунец""",1,0,visible,"Рис, нори, тунец. Вес 110 г.",,,,taxable,,1,,,0,0,,,,,1,,,68,Роллы,,,http://ba.zp.ua/wp-content/uploads/2019/04/0-02-05-7964eae1b45e4dab155f0b65c1b9cb51c7d884dee5557e9d1f14761b55bb08b6_7132f193.jpg,,,,,,,,,0,,1,,,,,,,,
391,simple,,"Гункан ""Лосось""",1,0,visible,"Рис, нори, лосось, крем-сыр. Вес 30 г.",,,,taxable,,1,,,0,0,,,,,1,,,30,Суши,,,http://ba.zp.ua/wp-content/uploads/2019/04/0-02-05-7ef27ffff37c892e469f7db4e929e294e58a943cfd143203f25d6a7ecba05620_56b4936.jpg,,,,,,,,,0,,1,,,,,,,,
393,simple,,"Гункан ""Угорь""",1,0,visible,"Рис, нори, угорь, соус унаги. Вес 30 г.",,,,taxable,,1,,,0,0,,,,,1,,,39,Суши,,,http://ba.zp.ua/wp-content/uploads/2019/04/0-02-05-3d9af3748df97c0b29170532ac3bde166fc229183491b8e765b5183b53571f8d_39253e06.jpg,,,,,,,,,0,,1,,,,,,,,
395,simple,,"Гункан ""Окунь""",1,0,visible,"Рис, нори, окунь, спайс- соус. Вес 30 г.",,,,taxable,,1,,,0,0,,,,,1,,,33,Суши,,,http://ba.zp.ua/wp-content/uploads/2019/04/0-02-05-310b4fdfa8e2fc53cf355c69d01132d600c3d5453d3d472a62ab82a08831d11f_c666fc33.jpg,,,,,,,,,0,,1,,,,,,,,
397,simple,,"Пицца ""4 сыра""",1,0,visible," Моцарелла ,Пармезан, Дор-блю, Эмменталь, специи. Диаметр до 40 см, вес 600 г.",,,,taxable,,1,,,0,0,,,,,1,,,155,"Пицца на дровах",,,http://ba.zp.ua/wp-content/uploads/2019/04/0-02-04-ec7d5611ae5d5982a1129048776658afb1885244b6edee5cc81216ae8e410447_ec9fa581.jpg,,,,,,,,,0,,1,,,,,,,,
408,simple,,"Пицца ""Мясной бум""",1,0,visible,"Бекон, буженина, копченая колбаса, лук, сыр, специи, маслины. Вес 750 г. Диаметр до 40 см.",,,,taxable,,1,,,0,0,,,,,1,,,165,"Пицца на дровах",,,http://ba.zp.ua/wp-content/uploads/2019/04/0-02-04-ebda3236c3463f4a89487440ff521ce8827e1a81adbeffbae91211de3b127b5f_342b9304.jpg,,,,,,,,,0,,1,,,,,,,,
409,simple,,"Пицца ""Дьявола""",1,0,visible,"Помидор, орегано, моцарелла, перец чили, салями. Вес 650 г. Диаметр до 40 см.",,,,taxable,,1,,,0,0,,,,,1,,,150,"Пицца на дровах",,,http://ba.zp.ua/wp-content/uploads/2019/04/0-02-04-92efa5fcb2df165835bc2c295c650fdc9b0243e25b096e1357b9d02f150d30c0_202b585b.jpg,,,,,,,,,0,,1,,,,,,,,
411,simple,,"Пицца ""Морепродукты""",1,0,visible,"Коктейль из морепродуктов, моцарелла, пармезан, сливочный соус, специи. Вес 850 г. Диаметр до 40 см.",,,,taxable,,1,,,0,0,,,,,0,,,165,"Пицца на дровах",,,http://ba.zp.ua/wp-content/uploads/2019/04/0-02-04-98450de042c525e75f36ef0ae2c3ace079f9fabd8b5a5ba2af0baa3876632d19_f30df05c.jpg,,,,,,,,,0,,1,1,,30,[],"[""""]",,,
412,simple,,"Пицца ""Маргарита""",1,0,visible,"Помидоры, орегано, моцарелла, базилик. Вес 550 г. Диаметр до 40 см.",,,,taxable,,1,,,0,0,,,,,1,,,95,"Пицца на дровах",,,http://ba.zp.ua/wp-content/uploads/2019/04/0-02-04-39d00371ae422a19bff3f49b3cc18ade686422d085ac6f9c60ba58194d64f224_bf4b92ec.jpg,,,,,,,,,0,,1,,,,,,,,
413,simple,,"Пицца ""Барбекю""",1,0,visible,"Куриное мясо, сыр копченный, моцарелла,лук, кинза, бекон, колбаски копченные. Вес 700 г. Диаметр до 40 см.",,,,taxable,,1,,,0,0,,,,,1,,,155,"Пицца на дровах",,,http://ba.zp.ua/wp-content/uploads/2019/04/0-02-04-575df026a8ef7bd1475fc1dae16472b62e15c804dbf61045c74bc6cd0713ec70_83a48bde.jpg,,,,,,,,,0,,1,,,,,,,,
414,simple,,"Пицца ""Папперони""",1,0,visible,"Моцарелла, салями, специи, томат. Вес 560 г. Диаметр до 40 см.",,,,taxable,,1,,,0,0,,,,,1,,,118,"Пицца на дровах",,,http://ba.zp.ua/wp-content/uploads/2019/04/0-02-04-7289093fd33bdafa9936d0e2c1656d57a2a87f7d393de2ef298e6dc581f4fad7_9b4f5121.jpg,,,,,,,,,0,,1,,,,,,,,
415,simple,,"Пицца ""Гавайи""",1,0,visible,"Курица, моцарелла, ананасы, специи, пармезан. Вес 850г. Диаметр до 40 см.",,,,taxable,,1,,,0,0,,,,,0,,,155,"Пицца на дровах",,,http://ba.zp.ua/wp-content/uploads/2019/04/0-02-04-9ebb1df2f68acdc45e11dccf480fec7adddb51229a4ab9aa588f3ce80ce13721_7ecff397.jpg,,,,,,,,,0,,1,1,,30,[],"[""""]",,,
416,simple,,"Пицца ""Мясная""",1,0,visible,"Мясная нарезка, пармезан, помидор, базилик, лук, специи. Вес 750 г. Диаметр до 40 см.",,,,taxable,,1,,,0,0,,,,,1,,,165,"Пицца на дровах",,,http://ba.zp.ua/wp-content/uploads/2019/04/0-02-04-50ef9017079593304a8e21edd053e65711efeb4db33331145a2553369de035d0_9a335e44.jpg,,,,,,,,,0,,1,,,,,,,,
430,simple,,"Маки сет",1,0,visible,"Маки лосось, маки тунец, маки креветка, маки угорь, маки авокадо, маки огурец. Вес 600 г.","<img src=""http://ba.zp.ua/wp-content/uploads/2019/04/0-02-09-a91894ec4f7e0ba6f1d6cd6a8c11bd03680fb1a4db1767f9fabb65d43569c142_11c886f2-225x300.jpg"" alt="""" width=""225"" height=""300"" class=""alignnone size-medium wp-image-431"" />",,,taxable,,1,,,0,0,,,,,0,,,220,Сеты,,,http://ba.zp.ua/wp-content/uploads/2019/04/0-02-09-a91894ec4f7e0ba6f1d6cd6a8c11bd03680fb1a4db1767f9fabb65d43569c142_11c886f2.jpg,,,,,,,,,0,,1,1,,30,[],"[""""]",,,
432,simple,,"Сет Калифорния",1,0,visible,"24 куска, 800 г",,,,taxable,,1,,,0,0,,,,,0,,,375,Сеты,,,http://ba.zp.ua/wp-content/uploads/2019/04/0-02-04-7e338895a84f24e8e5ecb0b3712d190507766f591c9f3b1c5cc3c2d496b870a1_bc9c0c6c.jpg,,,,,,,,,0,,1,1,,30,[],"[""""]",,,
434,simple,,"Сет Романтик",1,0,visible,"Маки лосось, маки креветка, маки тунец, маки окунь, ролл инь-янь 540 г",,,,taxable,,1,,,0,0,,,,,0,,,290,Сеты,,,http://ba.zp.ua/wp-content/uploads/2019/04/0-02-09-40ef426fe9897a35bac4b9349b848f71d137f0331737d8a1a4c754811050f1b9_22c8686b.jpg,,,,,,,,,0,,1,,,,,,,,
440,simple,,"Сет 3 Дракона",1,0,visible,"Красный дракон, зеленый дракон, золотой дракон. Вес 527 г.",,,,taxable,,1,,,0,0,,,,,0,,,395,Сеты,,,http://ba.zp.ua/wp-content/uploads/2019/04/0-02-09-3eee70e13a3f80d53ed72caec625701462f72920711f959993b925603241b0ca_2379692e.jpg,,,,,,,,,0,,1,1,,30,[],"[""""]",,,
443,simple,,"Summer сет",1,0,visible,"Овощной ролл, ролл Филадельфия -шеф, ролл хокаши, маки тунец, маки лосось, маки авокадо. Вес 985 г.",,,,taxable,,1,,,0,0,,,,,0,,,438,Сеты,,,http://ba.zp.ua/wp-content/uploads/2019/04/0-02-04-aad330720b335b7aadb8af682cd6837ac8a8dc28fe99be5bcdb1cd587fcaf1c4_48ee1e49.jpg,,,,,,,,,0,,1,1,,30,[],"[""""]",,,
460,simple,,"Суши сет",1,0,visible,"суши тунец, лосось, окунь, угорь, креветка. Вес 125 г",,,,taxable,,1,,,0,0,,,,,0,,,150,Сеты,,,http://ba.zp.ua/wp-content/uploads/2019/05/0-02-05-93ba6e7a39e46df5ba84a7438e90ecc1d7e71b930bd6d88ed5add45e9ef278a7_686fee96.jpg,,,,,,,,,0,,1,1,19,30,[],"[""""]",,,
462,simple,,"Сет Филадельфия",1,0,visible,"Филадельфия класик, филадельфия лайт, филадельфия с икрой тобика. Вес 685 г",,,,taxable,,1,,,0,0,,,,,0,,,295,Сеты,,,"http://ba.zp.ua/wp-content/uploads/2019/05/0-02-09-a18bd6d08af63e415e467473c2654c68710b2ba873803f0bcc51dae9308291e8_80cd29aa.jpg, http://ba.zp.ua/wp-content/uploads/2019/05/0-02-09-8789ba2b5665f4d21e44557b64217681920174b5c211326adabe2af8cdc47a20_8bff21bf.jpg",,,,,,,,,0,,1,1,19,30,[],"[""""]",,,
467,simple,,"Рис с омлетом и грибами шитаке",1,0,visible,"Рис, грибы шитаке, шампиньены, кунжут, яйцо, соус унаги. Вес 250 г.",,,,taxable,,1,,,0,0,,,,,0,,,65,Разное,,,http://ba.zp.ua/wp-content/uploads/2019/05/0-02-04-5d133019d429149ad44d401f63a59c29d5aa42ec33e3acba8eec79bf60b04dc2_f3173065.jpg,,,,,,,,,0,,1,1,21,30,[],"[""""]",,,
469,simple,,"Жаркое со свининой",1,0,visible,"Картофель, свинина, лук, морковь, зелень. 500 г",,,,taxable,,1,,,0,0,,,,,0,,,65,Разное,,,http://ba.zp.ua/wp-content/uploads/2019/05/0-02-04-c045ee02eb2d80af18a3fbf6a4b36f476040267890b7b91f512dd515cbe0b207_a11116f6.jpg,,,,,,,,,0,,1,1,21,30,[],"[""""]",,,
472,simple,,"Плов в хлебе",1,0,visible,"Вес 600г",,,,taxable,,1,,,0,0,,,,,0,,,88,Разное,,,"http://ba.zp.ua/wp-content/uploads/2019/05/0-02-09-361faa43a91f381a3593a9104a3d08c2487df0112f9de66553261ee259a35173_7a027683.jpg, http://ba.zp.ua/wp-content/uploads/2019/05/0-02-09-4abc23729aa6618661b67a173e99a9ea978e84e90399a0d1b925078e7e7ebba6_e79710c6.jpg, http://ba.zp.ua/wp-content/uploads/2019/05/0-02-09-2c8d0783b485ed629e3405eab21a981e227495a36a4c7fedba208159674f7a56_75e0d981.jpg",,,,,,,,,0,,1,1,21,30,[],"[""""]",,,
487,simple,,Хачапури,1,0,visible,,,,,taxable,,1,,,0,0,,,,,0,,,39,Разное,,,http://ba.zp.ua/wp-content/uploads/2019/05/0-02-09-4c6075f841384c3dedbade39e959cd3688e9437d94c8a69b4974238ce1049ad6_6a04c170.jpg,,,,,,,,,0,,1,1,21,30,[],"[""""]",,,
488,simple,,"Шашлык из морепродуктов",1,0,visible,"кальмары, лангустины.",,,,taxable,,1,,,0,0,,,,,0,,,72,Разное,,,http://ba.zp.ua/wp-content/uploads/2019/05/0-02-09-9f9e647a67aeb7a0724189042c3d438721f6582f592e26bbd5aa4040a96dc528_4d9e90dd.jpg,,,,,,,,,0,,1,1,21,30,[],"[""""]",,,
490,simple,,"Овощи в кляре во фритюре",1,0,visible,"Кабачки, лук, помидор, морковь, шампиньон.",,,,taxable,,1,,,0,0,,,,,0,,,45,Разное,,,"http://ba.zp.ua/wp-content/uploads/2019/05/Овощи.jpg, http://ba.zp.ua/wp-content/uploads/2019/05/0-02-09-5aa58cc692e71690d8482796ea997b2bbc099c8b65e491147435223cf6b0c6ad_556b2cda.jpg",,,,,,,,,0,,1,1,21,30,[],"[""""]",,,
491,simple,,"Сырные палочки в кляре",1,0,visible,,,,,taxable,,1,,,0,0,,,,,0,,,85,Разное,,,"http://ba.zp.ua/wp-content/uploads/2019/05/0-02-01-f38e0425c19f3015b717fae14f1e9dd312e58779f5f89d80dc289e402da6b839_55c7ac7.jpg, http://ba.zp.ua/wp-content/uploads/2019/05/0-02-01-f38e0425c19f3015b717fae14f1e9dd312e58779f5f89d80dc289e402da6b839_55c7ac7.jpg",,,,,,,,,0,,1,1,21,30,[],"[""""]",,,
493,simple,,"Суши угорь",1,0,visible,"рис, угорь. Вес 25 г.",,,,taxable,,1,,,0,0,,,,,0,,,39,Суши,,,http://ba.zp.ua/wp-content/uploads/2019/05/0-02-05-f01b56dae78e08908a39e0b7e15cc798cc18ecd2adb9ce0229ac480e79da3547_8435edd9.jpg,,,,,,,,,0,,1,1,17,30,[],"[""""]",,,
494,simple,,"Суши лосось",1,0,visible,"рис, лосось, 25г.",,,,taxable,,1,,,0,0,,,,,0,,,27,Суши,,,http://ba.zp.ua/wp-content/uploads/2019/05/0-02-05-1056e7f2e59f6975baf3789e66c5a7426b946cb29ed3d72b21af01e8662a0f6b_922c170.jpg,,,,,,,,,0,,1,1,17,30,[],"[""""]",,,
495,simple,,"Суши тунец",1,0,visible,,,,,taxable,,1,,,0,0,,,,,0,,,27,Суши,,,http://ba.zp.ua/wp-content/uploads/2019/05/0-02-05-80c314c0f6438dd7480e14d92999e1ce0cdda0c70341c1ebb0f081e7bd8aa61a_4af59669.jpg,,,,,,,,,0,,1,1,17,30,[],"[""""]",,,
496,simple,,"Суши с лангустинами",1,0,visible,,,,,taxable,,1,,,0,0,,,,,0,,,39,Суши,,,http://ba.zp.ua/wp-content/uploads/2019/05/0-02-05-0f3065590aea6de1505df8012289ef9078f12943787cbec869a1f2115568d2e8_6b4e846b.jpg,,,,,,,,,0,,1,1,17,30,[],"[""""]",,,
497,simple,,"Суши окунь",1,0,visible,,,,,taxable,,1,,,0,0,,,,,0,,,17,Суши,,,http://ba.zp.ua/wp-content/uploads/2019/05/0-02-05-5e411954c336df14c11275abc45e33d2c6796847041f03c626401318ba476540_8ae4a394.jpg,,,,,,,,,0,,1,1,17,30,[],"[""""]",,,
519,simple,,"Пицца со свежим тунцом",1,0,visible,"Филе тунца, сыр, лук маринованный, кукуруза, укроп, сливочный соус. Диаметр до 40 см, вес 820 г.",,,,taxable,,1,,,0,0,,,,,0,,147,170,"Пицца на дровах",,,http://ba.zp.ua/wp-content/uploads/2019/05/0-02-01-f3b1d8a70f4790011f489220e304b5aa1dadbc387279c600ee471860dc659f5b_708cf8da.jpg,,,,,,,,,0,,1,1,16,30,[],"[""""]",,,
523,variation,,"Ролл Фурия",1,0,visible,,,,,taxable,parent,1,,,0,0,,,,,0,,,0,,,,,,,id:81,,,,,,0,,,,,,,,1,,
534,simple,,"Ролл Манго",1,0,visible,"Рис, нори, манго, крем сыр, лосось",,,,taxable,,1,,,0,0,,,,,0,,,110,Роллы,,,"http://ba.zp.ua/wp-content/uploads/2019/05/0-02-01-4afd69cf7d1fe3fcf5b7f238bd8edaee515c790afc845f2c647a0fea611efb61_3a1a284.jpg, http://ba.zp.ua/wp-content/uploads/2019/05/0-02-01-a844a1eb8823a594bd00e429f9481dafffa5177f1c114d4477c2f41567b7a180_e144c188.jpg",,,,,,,,,0,,,1,18,30,[],"[""""]",,,
558,simple,,"Пицца Лайт ( диаметр 30 см)",1,0,visible,"куриное мясо, грибы, моцарелла, специи. (диаметр 30 см, вес 600 г).",,,,taxable,,1,,,0,0,,,,,0,,,78,"Пицца на дровах",,,http://ba.zp.ua/wp-content/uploads/2019/05/лайт.jpg,,,,,,,,,0,,,1,16,30,[],"[""""]",,,
564,simple,,"Пицца лайт Пиканто (диаметр 30 см)",1,0,visible,"Салями, ветчина, сыр, оливки (вес 600 г, диаметр 30 см)",,,,taxable,,1,,,0,0,,,,,0,,,88,"Пицца на дровах",,,http://ba.zp.ua/wp-content/uploads/2019/05/caption.jpg,,,,,,,,,0,,,1,16,30,[],"[""""]",,,
565,simple,,"Пицца Гавайи Лайт (диаметр 30 см)",1,0,visible,"Моцарелла, куринное мясо, ананас (вес 600 г, диаметр 30 см)",,,,taxable,,1,,,0,0,,,,,0,,,88,"Пицца на дровах",,,http://ba.zp.ua/wp-content/uploads/2019/05/гавайи-лайт.jpg,,,,,,,,,0,,,1,16,30,[],"[""""]",,,
566,simple,,"Пицца Студент (диаметр 30см)",1,0,visible,"Моцарелла, ветчина, копченная колбаса (вес 600 г, диаметр 30 см)",,,,taxable,,1,,,0,0,,,,,0,,,72,"Пицца на дровах",,,http://ba.zp.ua/wp-content/uploads/2019/05/студент.jpg,,,,,,,,,0,,,1,16,30,[],"[""""]",,,
567,simple,,"Пицца 4 сыра лайт (диаметр 30 см)",1,0,visible,"Моцарелла, пармезан, дор-блю, россия",,,,taxable,,1,,,0,0,,,,,0,,,110,"Пицца на дровах",,,,,,,,,,,,0,,,1,16,30,[],"[""""]",,,
568,simple,,"Пицца Сладкоежка",1,0,visible,"сгущенное молока, ананасы, бананы, клубника, тертый шоколад, кокосовая стружка (вес 800 г, диаметр 30 см)",,,,taxable,,1,,,0,0,,,,,0,,100,110,"Пицца на дровах",,,http://ba.zp.ua/wp-content/uploads/2019/05/0-02-05-5734cb3f01b389756ba3c323536566efd59047234468be9a672e6d345a24cb78_f2b87dd.jpg,,,,,,,,,0,,,1,16,30,[],"[""""]",,,
569,simple,,"Картошка фри",1,0,visible,"картофель, кетчуп. Вес 150 г",,,,taxable,,1,,,0,0,,,,,0,,,35,Разное,,,http://ba.zp.ua/wp-content/uploads/2019/05/0-02-02-062f26870511b0004f5283aeabbcd26d58d3151c67b66a0af885b5d4d6df85c7_aafd7dda.jpg,,,,,,,,,0,,,1,21,30,[],"[""""]",,,
582,simple,,"Пицца Бабуля Negra",1,0,visible,"основа - тесто, окрашенное чернилами каракатицы, говядина, лук, сыр, оливки",,,,taxable,,1,,,0,0,,,,,0,,,160,"Пицца на дровах",,,,,,,,,,,,0,,,1,16,30,[],"[""""]",,,
589,simple,,"Сет Хияши",1,0,visible,"вес 980 г",,,,taxable,,1,,,0,0,,,,,0,,245,288,Сеты,,,http://ba.zp.ua/wp-content/uploads/2019/05/0-02-05-ebd27667c7ac8fd3311588d40ba92a2aaca5fc7709db8f6f8d0912f87e7a84e9_facb4e9b.jpg,,,,,,,,,0,,,1,19,30,[],"[""""]",,,
